{"graph": {"_type": "graph-file", "sha256": "68d0b355b610c2821d38e5534337b995795d1ffa52f609a0a2dda23d33f0d728", "size": 319, "path": "media/graph/graph_summary_68d0b355b610c2821d38.graph.json"}, "epoch": 1, "_timestamp": 1690474568.5942771, "d_loss_real": 0.7197075486183167, "d_loss_fake": 0.6109105944633484, "g_loss_raw": 0.7906767129898071, "g_penalty": 0.1080353632569313, "_runtime": 8.569664239883423, "_step": 1, "_wandb": {"runtime": 20}}