{"graph": {"_type": "graph-file", "sha256": "68d0b355b610c2821d38e5534337b995795d1ffa52f609a0a2dda23d33f0d728", "size": 319, "path": "media/graph/graph_summary_68d0b355b610c2821d38.graph.json"}, "epoch": 0, "_timestamp": 1690474397.2708118, "d_loss_real": 0.6942858695983887, "d_loss_fake": 0.677381694316864, "g_loss_raw": 0.7216236591339111, "g_penalty": 0.1239829957485199, "_runtime": 46.49707579612732, "_step": 0, "_wandb": {"runtime": 49}}